image_id,patient_id,eye,label,cdr_oracle,cdr_pred,disc_height_pred,cup_height_pred,disc_dice_consensus,cup_dice_consensus,split
RET004OD,RET004,OD,1,0.6236,0.6364,44,28,0.9312,0.745,train
RET004OS,RET004,OS,1,0.7475,0.7333,45,33,0.9213,0.9076,train
RET005OD,RET005,OD,1,0.752,0.6667,48,32,0.9561,0.8518,train
RET005OS,RET005,OS,1,0.676,0.5957,47,28,0.8845,0.8851,train
RET010OD,RET010,OD,1,0.7576,0.6327,49,31,0.9682,0.7592,train
RET010OS,RET010,OS,1,0.7891,0.5926,54,32,0.9395,0.6486,train
RET013OD,RET013,OD,1,0.6293,0.7143,49,35,0.9576,0.9358,train
RET013OS,RET013,OS,1,0.4947,0.413,46,19,0.9371,0.7852,train
RET014OD,RET014,OD,1,0.8584,0.8636,44,38,0.956,0.9243,train
RET014OS,RET014,OS,1,0.7041,0.6744,43,29,0.9469,0.8703,train
RET015OD,RET015,OD,1,0.5889,0.4783,46,22,0.8839,0.5243,val
RET015OS,RET015,OS,1,0.7513,0.7347,49,36,0.8888,0.7597,val
RET016OD,RET016,OD,1,0.6279,0.6,50,30,0.9464,0.8237,test
RET016OS,RET016,OS,1,0.5746,0.4808,52,25,0.9538,0.7434,test
RET019OD,RET019,OD,1,0.2884,0.36,50,18,0.8899,0.836,train
RET019OS,RET019,OS,1,0.4255,0.4082,49,20,0.905,0.906,train
RET020OD,RET020,OD,1,0.5458,0.5714,49,28,0.9569,0.9316,train
RET020OS,RET020,OS,1,0.5661,0.551,49,27,0.9603,0.8857,train
RET021OD,RET021,OD,1,0.6367,0.6889,45,31,0.9463,0.9167,val
RET021OS,RET021,OS,1,0.5037,0.5217,46,24,0.9782,0.8538,val
RET023OD,RET023,OD,1,0.8006,0.8367,49,41,0.9346,0.8344,train
RET023OS,RET023,OS,1,0.7761,0.8723,47,41,0.9554,0.9059,train
RET025OD,RET025,OD,1,0.3746,0.4681,47,22,0.9539,0.8175,test
RET025OS,RET025,OS,1,0.7745,0.8636,44,38,0.8863,0.7937,test
RET026OD,RET026,OD,1,0.5213,0.5192,52,27,0.9689,0.9584,val
RET026OS,RET026,OS,1,0.482,0.5208,48,25,0.971,0.9046,val
RET027OD,RET027,OD,0,0.3764,0.3958,48,19,0.9564,0.856,train
RET027OS,RET027,OS,1,0.3725,0.4348,46,20,0.9466,0.8419,train
RET028OD,RET028,OD,0,0.3608,0.4,50,20,0.9404,0.8452,train
RET028OS,RET028,OS,0,0.4143,0.3818,55,21,0.9294,0.778,train
RET029OD,RET029,OD,0,0.2148,0.234,47,11,0.9499,0.8889,val
RET029OS,RET029,OS,0,0.2344,0.3111,45,14,0.9225,0.6562,val
RET030OD,RET030,OD,0,0.3028,0.3571,42,15,0.9656,0.6873,train
RET030OS,RET030,OS,0,0.3651,0.4318,44,19,0.9418,0.8205,train
RET031OD,RET031,OD,0,0.1601,0.2051,39,8,0.9355,0.7302,train
RET031OS,RET031,OS,0,0.1827,0.2105,38,8,0.9573,0.8,train
RET032OD,RET032,OD,0,0.2792,0.3191,47,15,0.9369,0.8169,train
RET032OS,RET032,OS,0,0.2394,0.3478,46,16,0.9581,0.5829,train
RET033OD,RET033,OD,0,0.3729,0.4468,47,21,0.9586,0.8111,val
RET033OS,RET033,OS,0,0.4028,0.4468,47,21,0.9495,0.8954,val
RET034OD,RET034,OD,0,0.3142,0.3478,46,16,0.9505,0.8391,test
RET034OS,RET034,OS,0,0.2486,0.3261,46,15,0.9524,0.8079,test
RET035OD,RET035,OD,0,0.1925,0.3958,48,19,0.9351,0.5,test
RET035OS,RET035,OS,0,0.2401,0.2745,51,14,0.9468,0.7654,test
RET036OD,RET036,OD,0,0.2486,0.1702,47,8,0.9573,0.6667,test
RET036OS,RET036,OS,0,0.4068,0.5098,51,26,0.9677,0.8422,test
RET037OD,RET037,OD,0,0.2192,0.2222,45,10,0.9262,0.8145,train
RET037OS,RET037,OS,0,0.168,0.2273,44,10,0.9542,0.7821,train
RET038OD,RET038,OD,0,0.4087,0.451,51,23,0.9612,0.855,train
RET038OS,RET038,OS,0,0.269,0.2885,52,15,0.9624,0.7852,train
RET039OD,RET039,OD,0,0.2258,0.2632,38,10,0.9278,0.6573,train
RET039OS,RET039,OS,0,0.22,0.2683,41,11,0.9543,0.7305,train
RET042OD,RET042,OD,1,0.5051,0.5217,46,24,0.9605,0.9382,train
RET042OS,RET042,OS,1,0.3517,0.3409,44,15,0.9584,0.8442,train
RET044OD,RET044,OD,1,0.7957,0.75,52,39,0.9758,0.7407,train
RET044OS,RET044,OS,1,0.4444,0.4528,53,24,0.9475,0.9076,train
RET045OD,RET045,OD,0,0.2894,0.2955,44,13,0.9544,0.8167,test
RET045OS,RET045,OS,1,0.491,0.5455,44,24,0.9563,0.7083,test
RET047OD,RET047,OD,1,0.5339,0.5741,54,31,0.9731,0.9211,train
RET047OS,RET047,OS,1,0.499,0.7347,49,36,0.945,0.797,train
RET048OD,RET048,OD,1,0.6248,0.4286,49,21,0.9662,0.5709,train
RET048OS,RET048,OS,1,0.5712,0.4815,54,26,0.9672,0.8686,train
RET050OD,RET050,OD,1,0.7157,0.7358,53,39,0.9208,0.8643,val
RET050OS,RET050,OS,1,0.4068,0.42,50,21,0.9468,0.918,val
RET051OD,RET051,OD,1,0.859,0.86,50,43,0.9698,0.8829,train
RET051OS,RET051,OS,1,0.5393,0.5652,46,26,0.9578,0.845,train
RET055OD,RET055,OD,1,0.5882,0.3585,53,19,0.866,0.4829,test
RET055OS,RET055,OS,1,0.6474,0.5962,52,31,0.8162,0.713,test
RET056OD,RET056,OD,1,0.4344,0.3542,48,17,0.9351,0.8489,train
RET056OS,RET056,OS,1,0.2808,0.3125,48,15,0.9112,0.7616,train
RET057OD,RET057,OD,1,0.5149,0.5102,49,25,0.939,0.7771,train
RET057OS,RET057,OS,1,0.3101,0.2917,48,14,0.9171,0.858,train
RET062OD,RET062,OD,1,0.3024,0.2045,44,9,0.965,0.5725,train
RET062OS,RET062,OS,1,0.2189,0.2444,45,11,0.9341,0.7328,train
RET064OD,RET064,OD,1,0.7014,0.4468,47,21,0.9257,0.5879,val
RET064OS,RET064,OS,1,0.2802,0.3125,48,15,0.9311,0.8746,val
RET065OD,RET065,OD,1,0.7034,0.6471,51,33,0.9422,0.8202,val
RET065OS,RET065,OS,1,0.5864,0.5,46,23,0.9634,0.8169,val
RET068OD,RET068,OD,1,0.5313,0.5769,52,30,0.889,0.8569,train
RET068OS,RET068,OS,1,0.4074,0.48,50,24,0.9167,0.8235,train
RET069OD,RET069,OD,1,0.2126,0.2083,48,10,0.9453,0.7027,train
RET069OS,RET069,OS,1,0.1508,0.1818,44,8,0.896,0.8723,train
RET074OD,RET074,OD,1,0.8149,0.7857,42,33,0.9614,0.9271,train
RET074OS,RET074,OS,1,0.5803,0.725,40,29,0.9534,0.8716,train
RET077OD,RET077,OD,1,0.4097,0.3673,49,18,0.9621,0.8288,train
RET077OS,RET077,OS,1,0.1284,0.3333,51,17,0.9491,0.2909,train
RET081OD,RET081,OD,1,0.6138,0.5882,51,30,0.9158,0.8213,train
RET081OS,RET081,OS,1,0.6585,0.7143,49,35,0.9207,0.959,train
RET084OD,RET084,OD,1,0.4452,0.38,50,19,0.9468,0.8699,train
RET084OS,RET084,OS,1,0.4119,0.4286,49,21,0.9581,0.8454,train
RET087OD,RET087,OD,1,0.5716,0.5686,51,29,0.9494,0.9104,train
RET087OS,RET087,OS,1,0.4973,0.4583,48,22,0.9553,0.8649,train
RET088OD,RET088,OD,1,0.2363,0.3182,44,14,0.9329,0.6959,test
RET088OS,RET088,OS,1,0.1741,0.25,44,11,0.9379,0.5298,test
RET090OD,RET090,OD,1,0.298,0.3556,45,16,0.9439,0.8661,train
RET090OS,RET090,OS,1,0.179,0.2195,41,9,0.8839,0.848,train
RET096OD,RET096,OD,0,0.4519,0.4,50,20,0.9484,0.8643,train
RET096OS,RET096,OS,1,0.6214,0.6731,52,35,0.9529,0.9305,train
RET098OD,RET098,OD,0,0.4862,0.4615,52,24,0.9404,0.795,train
RET098OS,RET098,OS,1,0.5723,0.5294,51,27,0.939,0.8056,train
RET105OD,RET105,OD,1,0.2989,0.2826,46,13,0.9465,0.8315,train
RET105OS,RET105,OS,1,0.1347,0.1556,45,7,0.8664,0.8205,train
RET107OD,RET107,OD,0,0.4734,0.3261,46,15,0.8355,0.8043,val
RET107OS,RET107,OS,1,0.5055,0.3778,45,17,0.9194,0.7399,val
RET108OD,RET108,OD,0,0.3711,0.3542,48,17,0.8722,0.6869,val
RET108OS,RET108,OS,0,0.332,0.34,50,17,0.9239,0.743,val
RET116OD,RET116,OD,0,0.4456,0.413,46,19,0.9567,0.8291,train
RET116OS,RET116,OS,1,0.5088,0.4894,47,23,0.9468,0.8861,train
RET119OD,RET119,OD,1,0.6207,0.4043,47,19,0.9595,0.5541,train
RET119OS,RET119,OS,1,0.579,0.5306,49,26,0.9736,0.8892,train
RET123OD,RET123,OD,0,0.14,0.3261,46,15,0.9566,0.3615,train
RET123OS,RET123,OS,1,0.1553,0.3409,44,15,0.9236,0.4775,train
RET124OD,RET124,OD,1,0.4287,0.4375,48,21,0.9325,0.7967,train
RET124OS,RET124,OS,1,0.2931,0.3125,48,15,0.9527,0.887,train
RET125OD,RET125,OD,0,0.38,0.3958,48,19,0.9484,0.9152,train
RET125OS,RET125,OS,0,0.3577,0.5778,45,26,0.9488,0.7057,train
RET126OD,RET126,OD,0,0.2562,0.2381,42,10,0.9317,0.7451,train
RET126OS,RET126,OS,0,0.3104,0.2766,47,13,0.9394,0.8324,train
RET127OD,RET127,OD,0,0.1899,0.3137,51,16,0.9384,0.713,val
RET127OS,RET127,OS,0,0.3192,0.26,50,13,0.9484,0.7284,val
RET128OD,RET128,OD,0,0.1903,0.2667,45,12,0.9233,0.7364,train
RET128OS,RET128,OS,0,0.1439,0.2381,42,10,0.8996,0.7376,train
RET129OD,RET129,OD,0,0.4265,0.4091,44,18,0.9204,0.8774,train
RET129OS,RET129,OS,0,0.4338,0.3636,44,16,0.8957,0.8974,train
RET130OD,RET130,OD,0,0.3643,0.3421,38,13,0.8649,0.7432,train
RET130OS,RET130,OS,0,0.3558,0.3261,46,15,0.8902,0.8571,train
RET131OD,RET131,OD,0,0.3194,0.2391,46,11,0.9691,0.7345,train
RET131OS,RET131,OS,0,0.3245,0.2979,47,14,0.9188,0.8352,train
RET132OD,RET132,OD,0,0.4695,0.5,52,26,0.9449,0.8889,train
RET132OS,RET132,OS,0,0.4809,0.46,50,23,0.9548,0.8491,train
RET133OD,RET133,OD,0,0.2756,0.3542,48,17,0.9471,0.7335,train
RET133OS,RET133,OS,0,0.4032,0.3617,47,17,0.949,0.816,train
RET134OD,RET134,OD,0,0.322,0.2619,42,11,0.9438,0.8028,test
RET134OS,RET134,OS,0,0.1369,0.1364,44,6,0.9368,0.0784,test
RET135OD,RET135,OD,0,0.1564,0.1395,43,6,0.8595,0.0845,test
RET135OS,RET135,OS,0,0.1813,0.0909,44,4,0.926,0.0571,test
RET136OD,RET136,OD,0,0.4314,0.3878,49,19,0.9726,0.7961,train
RET136OS,RET136,OS,0,0.2293,0.2222,45,10,0.9271,0.8621,train
RET137OD,RET137,OD,0,0.4307,0.48,50,24,0.924,0.8417,train
RET137OS,RET137,OS,0,0.4949,0.4898,49,24,0.9329,0.9041,train
RET138OD,RET138,OD,0,0.3338,0.3137,51,16,0.9426,0.8196,test
RET138OS,RET138,OS,0,0.1999,0.1875,48,9,0.9608,0.7007,test
RET139OD,RET139,OD,0,0.3425,0.3542,48,17,0.9705,0.9132,train
RET139OS,RET139,OS,0,0.3548,0.383,47,18,0.9681,0.8825,train
RET140OD,RET140,OD,0,0.2701,0.3673,49,18,0.9402,0.7969,test
RET140OS,RET140,OS,0,0.2929,0.3529,51,18,0.9527,0.8392,test
RET141OD,RET141,OD,0,0.4442,0.46,50,23,0.9429,0.9,train
RET141OS,RET141,OS,0,0.4504,0.4255,47,20,0.9421,0.8963,train
RET142OD,RET142,OD,0,0.2996,0.3,50,15,0.9118,0.9148,train
RET142OS,RET142,OS,0,0.3284,0.3878,49,19,0.9489,0.9083,train
RET143OD,RET143,OD,0,0.1467,0.1951,41,8,0.9497,0.6667,train
RET143OS,RET143,OS,0,0.1552,0.186,43,8,0.9141,0.7356,train
RET144OD,RET144,OD,0,0.4207,0.4615,52,24,0.9561,0.8515,train
RET144OS,RET144,OS,0,0.3148,0.4,50,20,0.9529,0.5919,train
RET146OD,RET146,OD,0,0.3389,0.3333,54,18,0.8801,0.7455,val
RET146OS,RET146,OS,0,0.2764,0.3585,53,19,0.9345,0.8208,val
RET147OD,RET147,OD,0,0.3135,0.3191,47,15,0.9361,0.8141,train
RET147OS,RET147,OS,0,0.4317,0.375,48,18,0.931,0.7821,train
RET149OD,RET149,OD,0,0.3679,0.3333,48,16,0.9417,0.7856,test
RET149OS,RET149,OS,0,0.3541,0.2326,43,10,0.9378,0.5013,test
RET150OD,RET150,OD,0,0.127,0.2353,51,12,0.9058,0.5468,train
RET150OS,RET150,OS,0,0.3419,0.3333,51,17,0.9156,0.8113,train
RET151OD,RET151,OD,0,0.427,0.44,50,22,0.939,0.8784,train
RET151OS,RET151,OS,0,0.3926,0.5,48,24,0.9243,0.8821,train
RET152OD,RET152,OD,0,0.1597,0.2692,52,14,0.9111,0.6914,train
RET152OS,RET152,OS,0,0.3503,0.3396,53,18,0.939,0.7521,train
RET153OD,RET153,OD,0,0.1424,0.5357,56,30,0.6981,0.1745,val
RET153OS,RET153,OS,0,0.1772,0.4524,42,19,0.7845,0.0,val
RET154OD,RET154,OD,0,0.4219,0.3333,39,13,0.9547,0.6566,val
RET154OS,RET154,OS,0,0.5288,0.4878,41,20,0.9166,0.8321,val
RET155OD,RET155,OD,0,0.2753,0.2553,47,12,0.9225,0.6562,train
RET155OS,RET155,OS,0,0.2617,0.3478,46,16,0.8976,0.8882,train
RET156OD,RET156,OD,0,0.5603,0.48,50,24,0.9641,0.7958,train
RET156OS,RET156,OS,0,0.4589,0.4043,47,19,0.9683,0.8519,train
RET157OD,RET157,OD,0,0.4343,0.4545,44,20,0.9307,0.8592,train
RET157OS,RET157,OS,0,0.4462,0.4667,45,21,0.9468,0.8798,train
RET158OD,RET158,OD,0,0.2004,0.2143,42,9,0.9219,0.8769,val
RET158OS,RET158,OS,0,0.2989,0.3556,45,16,0.9438,0.8869,val
RET159OD,RET159,OD,0,0.3341,0.3913,46,18,0.9448,0.8128,val
RET159OS,RET159,OS,0,0.1526,0.5098,51,26,0.8835,0.2258,val
RET160OD,RET160,OD,0,0.401,0.4167,48,20,0.9464,0.8976,train
RET160OS,RET160,OS,0,0.4309,0.375,48,18,0.9716,0.882,train
RET162OD,RET162,OD,0,0.3717,0.4118,51,21,0.926,0.8955,train
RET162OS,RET162,OS,0,0.4866,0.4545,55,25,0.9582,0.8513,train
RET163OD,RET163,OD,0,0.559,0.4314,51,22,0.9227,0.6524,val
RET163OS,RET163,OS,0,0.5408,0.4615,52,24,0.9535,0.7717,val
RET164OD,RET164,OD,0,0.3914,0.375,48,18,0.9357,0.8095,train
RET164OS,RET164,OS,0,0.3483,0.3778,45,17,0.9474,0.8509,train
RET165OD,RET165,OD,0,0.4434,0.4909,55,27,0.8988,0.7786,test
RET165OS,RET165,OS,0,0.4067,0.4286,49,21,0.9071,0.8205,test
RET166OD,RET166,OD,0,0.4374,0.451,51,23,0.9355,0.9172,train
RET166OS,RET166,OS,0,0.4563,0.5,48,24,0.9462,0.9138,train
RET168OD,RET168,OD,0,0.1653,0.2791,43,12,0.9488,0.4746,train
RET168OS,RET168,OS,0,0.1423,0.2955,44,13,0.9552,0.2941,train
RET169OD,RET169,OD,0,0.2627,0.25,48,12,0.9,0.8496,train
RET169OS,RET169,OS,0,0.3119,0.2791,43,12,0.9764,0.8702,train
RET170OD,RET170,OD,0,0.1863,0.2727,44,12,0.9555,0.5488,train
RET170OS,RET170,OS,0,0.1379,0.2195,41,9,0.9123,0.6087,train
RET171OD,RET171,OD,0,0.2937,0.0,26,0,0.6882,0.0,test
RET171OS,RET171,OS,0,0.2712,0.225,40,9,0.9234,0.8791,test
RET172OD,RET172,OD,0,0.5232,0.4468,47,21,0.9161,0.8356,test
RET172OS,RET172,OS,0,0.4168,0.3913,46,18,0.9394,0.9345,test
RET174OD,RET174,OD,0,0.2446,0.3182,44,14,0.9466,0.6838,test
RET174OS,RET174,OS,0,0.2766,0.2439,41,10,0.9545,0.7845,test
RET175OD,RET175,OD,0,0.3278,0.3878,49,19,0.9454,0.9211,val
RET175OS,RET175,OS,0,0.3663,0.4231,52,22,0.9188,0.9199,val
RET176OD,RET176,OD,0,0.2406,0.2222,45,10,0.9099,0.8054,test
RET176OS,RET176,OS,0,0.29,0.225,40,9,0.9662,0.5848,test
RET177OD,RET177,OD,0,0.2775,0.3019,53,16,0.9262,0.819,train
RET177OS,RET177,OS,0,0.1949,0.2692,52,14,0.9179,0.4971,train
RET178OD,RET178,OD,0,0.2049,0.2174,46,10,0.936,0.6154,train
RET178OS,RET178,OS,0,0.1282,0.1429,42,6,0.9007,0.5882,train
RET179OD,RET179,OD,0,0.3937,0.3913,46,18,0.9384,0.9015,test
RET179OS,RET179,OS,0,0.4906,0.46,50,23,0.9599,0.7872,test
RET181OD,RET181,OD,0,0.2696,0.3023,43,13,0.9592,0.7975,train
RET181OS,RET181,OS,0,0.3584,0.3636,44,16,0.9842,0.9333,train
RET182OD,RET182,OD,0,0.1692,0.2273,44,10,0.9412,0.7669,train
RET182OS,RET182,OS,0,0.1857,0.2791,43,12,0.9526,0.715,train
RET183OD,RET183,OD,0,0.1031,0.2708,48,13,0.9588,0.2857,train
RET183OS,RET183,OS,0,0.3265,0.3673,49,18,0.9416,0.8606,train
RET184OD,RET184,OD,0,0.4286,0.4348,46,20,0.9281,0.8812,train
RET184OS,RET184,OS,0,0.4389,0.4255,47,20,0.949,0.8783,train
RET186OD,RET186,OD,0,0.4834,0.4667,45,21,0.9512,0.8181,train
RET186OS,RET186,OS,0,0.356,0.3902,41,16,0.9149,0.9216,train
RET187OD,RET187,OD,0,0.3395,0.2391,46,11,0.9517,0.7262,val
RET187OS,RET187,OS,0,0.1853,0.2609,46,12,0.9578,0.6603,val
RET188OD,RET188,OD,0,0.3241,0.3725,51,19,0.9409,0.9077,train
RET188OS,RET188,OS,0,0.4255,0.3125,48,15,0.9655,0.6734,train
RET189OD,RET189,OD,0,0.3352,0.4583,48,22,0.8566,0.8403,test
RET189OS,RET189,OS,0,0.3152,0.5,48,24,0.8215,0.8666,test
RET190OD,RET190,OD,0,0.4008,0.4,40,16,0.9221,0.7164,test
RET190OS,RET190,OS,0,0.4333,0.4348,46,20,0.9657,0.9043,test
RET191OD,RET191,OD,0,0.2411,0.2708,48,13,0.955,0.812,train
RET191OS,RET191,OS,0,0.1951,0.2553,47,12,0.9207,0.5306,train
RET192OD,RET192,OD,0,0.4812,0.5,48,24,0.9572,0.8811,train
RET192OS,RET192,OS,0,0.398,0.4043,47,19,0.9539,0.9386,train
RET194OD,RET194,OD,0,0.4609,0.44,50,22,0.9334,0.8786,train
RET194OS,RET194,OS,0,0.3106,0.3333,48,16,0.8997,0.8425,train
RET196OD,RET196,OD,0,0.3231,0.3333,48,16,0.9692,0.7754,train
RET196OS,RET196,OS,0,0.2583,0.34,50,17,0.9412,0.7273,train
RET197OD,RET197,OD,0,0.3333,0.3409,44,15,0.9491,0.8537,train
RET197OS,RET197,OS,0,0.1754,0.2222,45,10,0.963,0.5749,train
RET198OD,RET198,OD,0,0.3585,0.2791,43,12,0.9206,0.6667,val
RET198OS,RET198,OS,0,0.4385,0.3478,46,16,0.9201,0.6854,val
RET199OD,RET199,OD,0,0.4589,0.4706,51,24,0.9386,0.7197,train
RET199OS,RET199,OS,0,0.4452,0.451,51,23,0.9591,0.8776,train
RET200OD,RET200,OD,0,0.2834,0.2273,44,10,0.938,0.7302,train
RET200OS,RET200,OS,0,0.1571,0.2045,44,9,0.9183,0.6923,train
RET201OD,RET201,OD,0,0.2616,0.3556,45,16,0.9403,0.8185,train
RET201OS,RET201,OS,0,0.4164,0.4423,52,23,0.9465,0.9216,train
RET202OD,RET202,OD,0,0.3361,0.3617,47,17,0.9189,0.92,train
RET202OS,RET202,OS,0,0.3536,0.4423,52,23,0.9115,0.8092,train
RET203OD,RET203,OD,0,0.1771,0.1957,46,9,0.9401,0.5455,train
RET203OS,RET203,OS,0,0.2743,0.2222,45,10,0.9561,0.7556,train
RET204OD,RET204,OD,0,0.4702,0.44,50,22,0.9058,0.864,train
RET204OS,RET204,OS,0,0.5593,0.48,50,24,0.916,0.7913,train
RET205OD,RET205,OD,0,0.2098,0.283,53,15,0.9001,0.8805,train
RET205OS,RET205,OS,0,0.2214,0.2157,51,11,0.9382,0.7431,train
RET206OD,RET206,OD,0,0.2108,0.2174,46,10,0.9217,0.8317,train
RET206OS,RET206,OS,0,0.173,0.25,48,12,0.9072,0.1622,train
RET207OD,RET207,OD,0,0.3498,0.3469,49,17,0.9309,0.8044,val
RET207OS,RET207,OS,0,0.3085,0.3542,48,17,0.9533,0.897,val
RET208OD,RET208,OD,0,0.5187,0.5714,49,28,0.9218,0.8637,val
RET208OS,RET208,OS,0,0.3848,0.44,50,22,0.9144,0.877,val
RET209OD,RET209,OD,0,0.17,0.3256,43,14,0.9123,0.4693,train
RET209OS,RET209,OS,0,0.1934,0.2444,45,11,0.9169,0.6473,train
RET210OD,RET210,OD,0,0.4432,0.4314,51,22,0.9609,0.9374,train
RET210OS,RET210,OS,0,0.4101,0.3846,52,20,0.9405,0.7994,train
RET211OD,RET211,OD,0,0.1972,0.1957,46,9,0.9699,0.6164,train
RET211OS,RET211,OS,0,0.2514,0.2653,49,13,0.9574,0.8872,train
RET212OD,RET212,OD,0,0.3935,0.3556,45,16,0.9537,0.9079,train
RET212OS,RET212,OS,0,0.3821,0.4,45,18,0.9683,0.9121,train
RET213OD,RET213,OD,0,0.4669,0.4,40,16,0.9136,0.8126,train
RET213OS,RET213,OS,0,0.4593,0.4762,42,20,0.9622,0.9009,train
RET214OD,RET214,OD,0,0.3866,0.375,48,18,0.9696,0.8834,val
RET214OS,RET214,OS,0,0.3801,0.4348,46,20,0.949,0.8342,val
RET215OD,RET215,OD,0,0.3582,0.3171,41,13,0.9093,0.9,train
RET215OS,RET215,OS,0,0.5059,0.5238,42,22,0.9561,0.9408,train
RET216OD,RET216,OD,0,0.5172,0.5,50,25,0.931,0.8546,train
RET216OS,RET216,OS,0,0.4835,0.5625,48,27,0.9017,0.905,train
RET217OD,RET217,OD,0,0.4138,0.4348,46,20,0.969,0.9412,train
RET217OS,RET217,OS,0,0.4075,0.4,45,18,0.9548,0.8968,train
RET218OD,RET218,OD,0,0.2605,0.2766,47,13,0.925,0.7317,val
RET218OS,RET218,OS,0,0.1435,0.3696,46,17,0.9552,0.3096,val
RET219OD,RET219,OD,0,0.2458,0.1765,51,9,0.9636,0.6787,train
RET219OS,RET219,OS,0,0.2237,0.2292,48,11,0.9472,0.6436,train
RET220OD,RET220,OD,0,0.3437,0.3529,51,18,0.9791,0.8848,train
RET220OS,RET220,OS,0,0.1318,0.2979,47,14,0.9481,0.4314,train
RET221OD,RET221,OD,0,0.2795,0.2745,51,14,0.9443,0.8119,train
RET221OS,RET221,OS,0,0.3699,0.38,50,19,0.9004,0.9182,train
RET222OD,RET222,OD,0,0.3657,0.3889,54,21,0.9385,0.8933,train
RET222OS,RET222,OS,0,0.3042,0.3704,54,20,0.9442,0.9238,train
RET223OD,RET223,OD,0,0.3474,0.375,48,18,0.9595,0.9042,train
RET223OS,RET223,OS,0,0.3785,0.4,50,20,0.9654,0.9405,train
RET224OD,RET224,OD,0,0.3045,0.339,59,20,0.9375,0.9227,val
RET224OS,RET224,OS,0,0.3037,0.3158,57,18,0.956,0.859,val
RET225OD,RET225,OD,0,0.348,0.3,50,15,0.9553,0.7624,train
RET225OS,RET225,OS,0,0.3321,0.34,50,17,0.9486,0.8966,train
RET227OD,RET227,OD,0,0.4094,0.3878,49,19,0.9719,0.8719,train
RET227OS,RET227,OS,0,0.3916,0.375,48,18,0.9521,0.7992,train
RET228OD,RET228,OD,0,0.5781,0.4545,44,20,0.8892,0.8127,train
RET228OS,RET228,OS,0,0.4667,0.3409,44,15,0.8936,0.8406,train
RET229OD,RET229,OD,0,0.4359,0.383,47,18,0.9579,0.8299,test
RET229OS,RET229,OS,0,0.5078,0.3778,45,17,0.9386,0.7778,test
RET230OD,RET230,OD,0,0.1635,0.2051,39,8,0.8955,0.3232,test
RET230OS,RET230,OS,0,0.264,0.25,40,10,0.8749,0.6667,test
RET231OD,RET231,OD,0,0.1805,0.3333,45,15,0.9343,0.5024,train
RET231OS,RET231,OS,0,0.3997,0.451,51,23,0.9271,0.8604,train
RET232OD,RET232,OD,0,0.1319,0.2264,53,12,0.8796,0.3261,train
RET232OS,RET232,OS,0,0.4315,0.4082,49,20,0.9499,0.87,train
RET233OD,RET233,OD,1,0.5071,0.451,51,23,0.9608,0.887,test
RET233OS,RET233,OS,1,0.3909,0.4255,47,20,0.9139,0.9173,test
RET234OD,RET234,OD,0,0.4886,0.4808,52,25,0.9728,0.9247,train
RET234OS,RET234,OS,0,0.3961,0.463,54,25,0.9579,0.8962,train
RET235OD,RET235,OD,0,0.1998,0.1875,48,9,0.9572,0.8052,train
RET235OS,RET235,OS,0,0.2196,0.2745,51,14,0.9662,0.8319,train
RET236OD,RET236,OD,0,0.1328,0.175,40,7,0.9553,0.4324,train
RET236OS,RET236,OS,0,0.2194,0.2195,41,9,0.942,0.6179,train
RET237OD,RET237,OD,0,0.4292,0.4423,52,23,0.9328,0.9179,test
RET237OS,RET237,OS,0,0.4185,0.4583,48,22,0.9391,0.9239,test
RET238OD,RET238,OD,0,0.2647,0.3,50,15,0.9385,0.9139,train
RET238OS,RET238,OS,0,0.3449,0.3469,49,17,0.9063,0.9106,train
RET239OD,RET239,OD,0,0.4157,0.5,48,24,0.9283,0.8878,train
RET239OS,RET239,OS,0,0.3669,0.34,50,17,0.9763,0.8453,train
RET240OD,RET240,OD,0,0.287,0.2174,46,10,0.9264,0.8256,train
RET240OS,RET240,OS,0,0.2734,0.2667,45,12,0.9525,0.8899,train
RET241OD,RET241,OD,0,0.3408,0.4,45,18,0.9595,0.911,train
RET241OS,RET241,OS,0,0.43,0.4222,45,19,0.9356,0.86,train
RET242OD,RET242,OD,0,0.1928,0.1429,42,6,0.9584,0.747,train
RET242OS,RET242,OS,0,0.1018,0.175,40,7,0.9691,0.5373,train
RET243OD,RET243,OD,0,0.1604,0.1765,51,9,0.969,0.8281,train
RET243OS,RET243,OS,0,0.1757,0.2308,52,12,0.9474,0.8,train
RET244OD,RET244,OD,0,0.4532,0.52,50,26,0.9591,0.8672,train
RET244OS,RET244,OS,0,0.432,0.4545,44,20,0.9373,0.8338,train
RET245OD,RET245,OD,0,0.2224,0.2292,48,11,0.9696,0.83,train
RET245OS,RET245,OS,0,0.1418,0.2766,47,13,0.972,0.4151,train
RET246OD,RET246,OD,0,0.2632,0.2105,38,8,0.9321,0.7284,train
RET246OS,RET246,OS,0,0.287,0.2927,41,12,0.9528,0.8069,train
RET248OD,RET248,OD,1,0.7659,0.7368,38,28,0.9613,0.8609,train
RET248OS,RET248,OS,1,0.7569,0.775,40,31,0.931,0.8727,train
RET249OD,RET249,OD,0,0.3009,0.3469,49,17,0.9665,0.8918,train
RET249OS,RET249,OS,0,0.4077,0.4038,52,21,0.9741,0.8392,train
RET250OD,RET250,OD,0,0.4302,0.4694,49,23,0.9417,0.884,train
RET250OS,RET250,OS,0,0.4582,0.4182,55,23,0.9356,0.8871,train
RET251OD,RET251,OD,0,0.4177,0.4167,48,20,0.9374,0.898,train
RET251OS,RET251,OS,0,0.4843,0.5417,48,26,0.9767,0.8898,train
RET252OD,RET252,OD,0,0.2586,0.2292,48,11,0.9453,0.9327,train
RET252OS,RET252,OS,0,0.1951,0.25,44,11,0.9486,0.7105,train
RET253OD,RET253,OD,0,0.419,0.3478,46,16,0.9152,0.8877,train
RET253OS,RET253,OS,0,0.3449,0.3409,44,15,0.9091,0.8361,train
RET254OD,RET254,OD,0,0.1651,0.28,50,14,0.9551,0.5427,test
RET254OS,RET254,OS,0,0.2884,0.3265,49,16,0.9603,0.9019,test
RET255OD,RET255,OD,0,0.3653,0.4231,52,22,0.9727,0.8837,train
RET255OS,RET255,OS,0,0.2331,0.32,50,16,0.9438,0.6561,train
RET256OD,RET256,OD,0,0.3967,0.4583,48,22,0.9516,0.867,train
RET256OS,RET256,OS,0,0.4038,0.4375,48,21,0.9519,0.8872,train
RET257OD,RET257,OD,0,0.2907,0.2727,44,12,0.9665,0.8274,train
RET257OS,RET257,OS,0,0.3025,0.2128,47,10,0.9424,0.7761,train
RET258OD,RET258,OD,0,0.3051,0.3478,46,16,0.9561,0.8313,train
RET258OS,RET258,OS,0,0.1802,0.2708,48,13,0.9712,0.6304,train
RET259OD,RET259,OD,0,0.4441,0.4902,51,25,0.9594,0.9259,train
RET259OS,RET259,OS,0,0.406,0.4792,48,23,0.9619,0.924,train
RET260OD,RET260,OD,0,0.1623,0.2609,46,12,0.936,0.4118,val
RET260OS,RET260,OS,0,0.3048,0.2273,44,10,0.9628,0.7375,val
RET261OD,RET261,OD,0,0.211,0.2444,45,11,0.9625,0.7654,train
RET261OS,RET261,OS,0,0.2406,0.3095,42,13,0.9241,0.8224,train
RET262OD,RET262,OD,0,0.2164,0.2045,44,9,0.963,0.785,train
RET262OS,RET262,OS,0,0.2092,0.2955,44,13,0.9664,0.6289,train
RET265OD,RET265,OD,1,0.7687,0.76,50,38,0.9107,0.8607,test
RET265OS,RET265,OS,1,0.3727,0.4894,47,23,0.9416,0.8989,test
RET266OD,RET266,OD,0,0.269,0.325,40,13,0.8454,0.6906,val
RET266OS,RET266,OS,0,0.3371,0.2564,39,10,0.8965,0.8033,val
RET267OD,RET267,OD,0,0.2972,0.2444,45,11,0.9248,0.7059,test
RET267OS,RET267,OS,0,0.2813,0.2727,44,12,0.9207,0.7869,test
RET268OD,RET268,OD,0,0.1177,0.1818,44,8,0.9303,0.6757,train
RET268OS,RET268,OS,0,0.144,0.1628,43,7,0.936,0.7027,train
RET269OD,RET269,OD,0,0.4838,0.463,54,25,0.9773,0.874,train
RET269OS,RET269,OS,0,0.2778,0.2708,48,13,0.9483,0.7847,train
RET270OD,RET270,OD,0,0.2183,0.4107,56,23,0.9039,0.6069,train
RET270OS,RET270,OS,0,0.2577,0.3519,54,19,0.9141,0.7971,train
RET271OD,RET271,OD,0,0.1672,0.3148,54,17,0.914,0.4509,test
RET271OS,RET271,OS,0,0.1349,0.2308,52,12,0.9363,0.289,test
RET272OD,RET272,OD,0,0.2732,0.2857,49,14,0.896,0.8207,train
RET272OS,RET272,OS,0,0.1723,0.3333,51,17,0.9261,0.4128,train
RET273OD,RET273,OD,0,0.142,0.1304,46,6,0.9077,0.64,train
RET273OS,RET273,OS,0,0.129,0.2453,53,13,0.9383,0.4895,train
RET274OD,RET274,OD,0,0.692,0.5893,56,33,0.9565,0.8622,train
RET274OS,RET274,OS,0,0.5815,0.5536,56,31,0.9608,0.8715,train
RET275OD,RET275,OD,0,0.3332,0.2745,51,14,0.9376,0.8103,train
RET275OS,RET275,OS,0,0.3001,0.3137,51,16,0.9317,0.8588,train
RET277OD,RET277,OD,0,0.2367,0.1892,37,7,0.8539,0.3279,val
RET277OS,RET277,OS,0,0.2432,0.4583,48,22,0.8648,0.2363,val
RET280OD,RET280,OD,0,0.1279,0.2609,46,12,0.9515,0.4106,val
RET280OS,RET280,OS,0,0.2471,0.3265,49,16,0.967,0.8131,val
RET281OD,RET281,OD,0,0.2589,0.3778,45,17,0.9566,0.7764,train
RET281OS,RET281,OS,0,0.256,0.2889,45,13,0.9364,0.7643,train
RET282OD,RET282,OD,0,0.1118,0.2041,49,10,0.9164,0.5437,test
RET282OS,RET282,OS,0,0.1256,0.1875,48,9,0.8936,0.3619,test
RET283OD,RET283,OD,0,0.2465,0.1818,44,8,0.9426,0.6026,val
RET283OS,RET283,OS,0,0.2116,0.2174,46,10,0.9621,0.6667,val
RET284OD,RET284,OD,0,0.3838,0.413,46,19,0.9502,0.8583,train
RET284OS,RET284,OS,0,0.432,0.4545,44,20,0.96,0.8837,train
RET285OD,RET285,OD,0,0.2052,0.3095,42,13,0.9469,0.6727,train
RET285OS,RET285,OS,0,0.2455,0.3111,45,14,0.9354,0.7855,train
RET286OD,RET286,OD,0,0.2978,0.3404,47,16,0.927,0.8086,test
RET286OS,RET286,OS,0,0.1478,0.2381,42,10,0.9186,0.1277,test
RET287OD,RET287,OD,0,0.3067,0.2222,45,10,0.8716,0.7034,val
RET287OS,RET287,OS,0,0.2525,0.3191,47,15,0.9269,0.7224,val
RET288OD,RET288,OD,0,0.3496,0.3023,43,13,0.9542,0.844,train
RET288OS,RET288,OS,0,0.3696,0.3182,44,14,0.9728,0.8678,train
RET289OD,RET289,OD,0,0.2745,0.2917,48,14,0.9423,0.6593,train
RET289OS,RET289,OS,0,0.3211,0.3529,51,18,0.9062,0.8958,train
RET290OD,RET290,OD,0,0.3621,0.4286,49,21,0.9321,0.8055,train
RET290OS,RET290,OS,0,0.3904,0.42,50,21,0.9281,0.8836,train
RET291OD,RET291,OD,0,0.1275,0.1522,46,7,0.9455,0.7324,train
RET291OS,RET291,OS,0,0.2836,0.2927,41,12,0.9371,0.7807,train
RET292OD,RET292,OD,0,0.4182,0.3636,44,16,0.9573,0.8284,test
RET292OS,RET292,OS,0,0.4609,0.3404,47,16,0.9316,0.7523,test
RET293OD,RET293,OD,0,0.5983,0.5833,48,28,0.9496,0.885,train
RET293OS,RET293,OS,0,0.6112,0.6383,47,30,0.9569,0.9201,train
