image_id,patient_id,eye,label,cdr_oracle,cdr_pred_oof,disc_height_pred,cup_height_pred,disc_dice,cup_dice,fold,split,cdr_pred,disc_dice_consensus,cup_dice_consensus
RET004OD,RET004,OD,1,0.6236,0.5227,44,23,0.9028,0.6329,1,train,,,
RET004OS,RET004,OS,1,0.7475,0.6,45,27,0.9087,0.6868,1,train,,,
RET005OD,RET005,OD,1,0.752,0.4286,56,24,0.7115,0.4169,1,train,,,
RET005OS,RET005,OS,1,0.676,0.3585,53,19,0.8704,0.6521,1,train,,,
RET010OD,RET010,OD,1,0.7576,0.4898,49,24,0.9563,0.6166,3,train,,,
RET010OS,RET010,OS,1,0.7891,0.5,54,27,0.9338,0.5342,3,train,,,
RET013OD,RET013,OD,1,0.6293,0.74,50,37,0.9518,0.9094,4,train,,,
RET013OS,RET013,OS,1,0.4947,0.4565,46,21,0.9147,0.8505,4,train,,,
RET014OD,RET014,OD,1,0.8584,0.75,44,33,0.9298,0.7919,4,train,,,
RET014OS,RET014,OS,1,0.7041,0.6279,43,27,0.961,0.8034,4,train,,,
RET015OD,RET015,OD,1,0.5889,0.4783,46,22,,,-1,val,0.4783,0.8839,0.5243
RET015OS,RET015,OS,1,0.7513,0.7347,49,36,,,-1,val,0.7347,0.8888,0.7597
RET016OD,RET016,OD,1,0.6279,0.6,50,30,,,-1,test,0.6,0.9464,0.8237
RET016OS,RET016,OS,1,0.5746,0.4808,52,25,,,-1,test,0.4808,0.9538,0.7434
RET019OD,RET019,OD,1,0.2884,0.3478,46,16,0.8547,0.9191,1,train,,,
RET019OS,RET019,OS,1,0.4255,0.3529,51,18,0.9114,0.7966,1,train,,,
RET020OD,RET020,OD,1,0.5458,0.58,50,29,0.9729,0.9111,2,train,,,
RET020OS,RET020,OS,1,0.5661,0.54,50,27,0.9591,0.8571,2,train,,,
RET021OD,RET021,OD,1,0.6367,0.6889,45,31,,,-1,val,0.6889,0.9463,0.9167
RET021OS,RET021,OS,1,0.5037,0.5217,46,24,,,-1,val,0.5217,0.9782,0.8538
RET023OD,RET023,OD,1,0.8006,0.7551,49,37,0.9081,0.7121,4,train,,,
RET023OS,RET023,OS,1,0.7761,0.7556,45,34,0.904,0.8348,4,train,,,
RET025OD,RET025,OD,1,0.3746,0.4681,47,22,,,-1,test,0.4681,0.9539,0.8175
RET025OS,RET025,OS,1,0.7745,0.8636,44,38,,,-1,test,0.8636,0.8863,0.7937
RET026OD,RET026,OD,1,0.5213,0.5192,52,27,,,-1,val,0.5192,0.9689,0.9584
RET026OS,RET026,OS,1,0.482,0.5208,48,25,,,-1,val,0.5208,0.971,0.9046
RET027OD,RET027,OD,0,0.3764,0.4792,48,23,0.9628,0.7577,3,train,,,
RET027OS,RET027,OS,1,0.3725,0.5,46,23,0.9592,0.6144,3,train,,,
RET028OD,RET028,OD,0,0.3608,0.3462,52,18,0.9197,0.7441,4,train,,,
RET028OS,RET028,OS,0,0.4143,0.3774,53,20,0.9121,0.6558,4,train,,,
RET029OD,RET029,OD,0,0.2148,0.234,47,11,,,-1,val,0.234,0.9499,0.8889
RET029OS,RET029,OS,0,0.2344,0.3111,45,14,,,-1,val,0.3111,0.9225,0.6562
RET030OD,RET030,OD,0,0.3028,0.5814,43,25,0.9666,0.3908,3,train,,,
RET030OS,RET030,OS,0,0.3651,0.5435,46,25,0.9619,0.5525,3,train,,,
RET031OD,RET031,OD,0,0.1601,0.1795,39,7,0.9351,0.8793,3,train,,,
RET031OS,RET031,OS,0,0.1827,0.0488,41,2,0.9405,0.2667,3,train,,,
RET032OD,RET032,OD,0,0.2792,0.3913,46,18,0.9225,0.7301,3,train,,,
RET032OS,RET032,OS,0,0.2394,0.375,48,18,0.9584,0.5126,3,train,,,
RET033OD,RET033,OD,0,0.3729,0.4468,47,21,,,-1,val,0.4468,0.9586,0.8111
RET033OS,RET033,OS,0,0.4028,0.4468,47,21,,,-1,val,0.4468,0.9495,0.8954
RET034OD,RET034,OD,0,0.3142,0.3478,46,16,,,-1,test,0.3478,0.9505,0.8391
RET034OS,RET034,OS,0,0.2486,0.3261,46,15,,,-1,test,0.3261,0.9524,0.8079
RET035OD,RET035,OD,0,0.1925,0.3958,48,19,,,-1,test,0.3958,0.9351,0.5
RET035OS,RET035,OS,0,0.2401,0.2745,51,14,,,-1,test,0.2745,0.9468,0.7654
RET036OD,RET036,OD,0,0.2486,0.1702,47,8,,,-1,test,0.1702,0.9573,0.6667
RET036OS,RET036,OS,0,0.4068,0.5098,51,26,,,-1,test,0.5098,0.9677,0.8422
RET037OD,RET037,OD,0,0.2192,0.2766,47,13,0.9697,0.6581,1,train,,,
RET037OS,RET037,OS,0,0.168,0.2917,48,14,0.947,0.5536,1,train,,,
RET038OD,RET038,OD,0,0.4087,0.4151,53,22,0.9685,0.9394,4,train,,,
RET038OS,RET038,OS,0,0.269,0.34,50,17,0.9691,0.7273,4,train,,,
RET039OD,RET039,OD,0,0.2258,0.163,92,15,0.5134,0.1994,2,train,,,
RET039OS,RET039,OS,0,0.22,0.3333,42,14,0.9745,0.5674,2,train,,,
RET042OD,RET042,OD,1,0.5051,0.5208,48,25,0.9584,0.8882,3,train,,,
RET042OS,RET042,OS,1,0.3517,0.3556,45,16,0.9503,0.7812,3,train,,,
RET044OD,RET044,OD,1,0.7957,0.6154,52,32,0.9826,0.6745,0,train,,,
RET044OS,RET044,OS,1,0.4444,0.5192,52,27,0.9276,0.9154,0,train,,,
RET045OD,RET045,OD,0,0.2894,0.2955,44,13,,,-1,test,0.2955,0.9544,0.8167
RET045OS,RET045,OS,1,0.491,0.5455,44,24,,,-1,test,0.5455,0.9563,0.7083
RET047OD,RET047,OD,1,0.5339,0.566,53,30,0.9569,0.9353,2,train,,,
RET047OS,RET047,OS,1,0.499,0.6471,51,33,0.9498,0.8584,2,train,,,
RET048OD,RET048,OD,1,0.6248,0.5686,51,29,0.9725,0.7642,3,train,,,
RET048OS,RET048,OS,1,0.5712,0.4815,54,26,0.9618,0.835,3,train,,,
RET050OD,RET050,OD,1,0.7157,0.7358,53,39,,,-1,val,0.7358,0.9208,0.8643
RET050OS,RET050,OS,1,0.4068,0.42,50,21,,,-1,val,0.42,0.9468,0.918
RET051OD,RET051,OD,1,0.859,0.8776,49,43,0.9529,0.8782,2,train,,,
RET051OS,RET051,OS,1,0.5393,0.6087,46,28,0.9638,0.8081,2,train,,,
RET055OD,RET055,OD,1,0.5882,0.3585,53,19,,,-1,test,0.3585,0.866,0.4829
RET055OS,RET055,OS,1,0.6474,0.5962,52,31,,,-1,test,0.5962,0.8162,0.713
RET056OD,RET056,OD,1,0.4344,0.44,50,22,0.9265,0.8311,0,train,,,
RET056OS,RET056,OS,1,0.2808,0.375,48,18,0.7381,0.2111,0,train,,,
RET057OD,RET057,OD,1,0.5149,0.5319,47,25,0.9177,0.8075,0,train,,,
RET057OS,RET057,OS,1,0.3101,0.3542,48,17,0.9102,0.8462,0,train,,,
RET062OD,RET062,OD,1,0.3024,0.3043,46,14,0.9656,0.5417,0,train,,,
RET062OS,RET062,OS,1,0.2189,0.2917,48,14,0.9384,0.5223,0,train,,,
RET064OD,RET064,OD,1,0.7014,0.4468,47,21,,,-1,val,0.4468,0.9257,0.5879
RET064OS,RET064,OS,1,0.2802,0.3125,48,15,,,-1,val,0.3125,0.9311,0.8746
RET065OD,RET065,OD,1,0.7034,0.6471,51,33,,,-1,val,0.6471,0.9422,0.8202
RET065OS,RET065,OS,1,0.5864,0.5,46,23,,,-1,val,0.5,0.9634,0.8169
RET068OD,RET068,OD,1,0.5313,0.5472,53,29,0.8791,0.7646,2,train,,,
RET068OS,RET068,OS,1,0.4074,0.4694,49,23,0.9289,0.7216,2,train,,,
RET069OD,RET069,OD,1,0.2126,0.2391,46,11,0.9338,0.3908,2,train,,,
RET069OS,RET069,OS,1,0.1508,0.3111,45,14,0.9319,0.4503,2,train,,,
RET074OD,RET074,OD,1,0.8149,0.7174,46,33,0.9381,0.9235,0,train,,,
RET074OS,RET074,OS,1,0.5803,0.6512,43,28,0.9504,0.8584,0,train,,,
RET077OD,RET077,OD,1,0.4097,0.4,50,20,0.9247,0.7949,3,train,,,
RET077OS,RET077,OS,1,0.1284,0.4314,51,22,0.9574,0.1614,3,train,,,
RET081OD,RET081,OD,1,0.6138,0.5283,53,28,0.958,0.789,0,train,,,
RET081OS,RET081,OS,1,0.6585,0.6038,53,32,0.9434,0.8856,0,train,,,
RET084OD,RET084,OD,1,0.4452,0.32,50,16,0.916,0.6281,4,train,,,
RET084OS,RET084,OS,1,0.4119,0.3958,48,19,0.9175,0.7977,4,train,,,
RET087OD,RET087,OD,1,0.5716,0.56,50,28,0.9607,0.9245,4,train,,,
RET087OS,RET087,OS,1,0.4973,0.38,50,19,0.9431,0.7382,4,train,,,
RET088OD,RET088,OD,1,0.2363,0.3182,44,14,,,-1,test,0.3182,0.9329,0.6959
RET088OS,RET088,OS,1,0.1741,0.25,44,11,,,-1,test,0.25,0.9379,0.5298
RET090OD,RET090,OD,1,0.298,0.3556,45,16,0.9396,0.8066,1,train,,,
RET090OS,RET090,OS,1,0.179,0.2955,44,13,0.9459,0.5408,1,train,,,
RET096OD,RET096,OD,0,0.4519,0.3529,51,18,0.9323,0.8115,4,train,,,
RET096OS,RET096,OS,1,0.6214,0.62,50,31,0.9317,0.8581,4,train,,,
RET098OD,RET098,OD,0,0.4862,0.4231,52,22,0.9398,0.7778,3,train,,,
RET098OS,RET098,OS,1,0.5723,0.4706,51,24,0.9384,0.7694,3,train,,,
RET105OD,RET105,OD,1,0.2989,0.3878,49,19,0.9332,0.8249,3,train,,,
RET105OS,RET105,OS,1,0.1347,0.2979,47,14,0.8736,0.4062,3,train,,,
RET107OD,RET107,OD,0,0.4734,0.3261,46,15,,,-1,val,0.3261,0.8355,0.8043
RET107OS,RET107,OS,1,0.5055,0.3778,45,17,,,-1,val,0.3778,0.9194,0.7399
RET108OD,RET108,OD,0,0.3711,0.3542,48,17,,,-1,val,0.3542,0.8722,0.6869
RET108OS,RET108,OS,0,0.332,0.34,50,17,,,-1,val,0.34,0.9239,0.743
RET116OD,RET116,OD,0,0.4456,0.375,48,18,0.957,0.8605,4,train,,,
RET116OS,RET116,OS,1,0.5088,0.4167,48,20,0.9706,0.7514,4,train,,,
RET119OD,RET119,OD,1,0.6207,0.38,50,19,0.9577,0.4602,1,train,,,
RET119OS,RET119,OS,1,0.579,0.4375,48,21,0.9594,0.7627,1,train,,,
RET123OD,RET123,OD,0,0.14,0.4808,52,25,0.9421,0.1975,2,train,,,
RET123OS,RET123,OS,1,0.1553,0.4583,48,22,0.9734,0.2826,2,train,,,
RET124OD,RET124,OD,1,0.4287,0.4314,51,22,0.8848,0.775,1,train,,,
RET124OS,RET124,OS,1,0.2931,0.3922,51,20,0.8996,0.6748,1,train,,,
RET125OD,RET125,OD,0,0.38,0.3878,49,19,0.9555,0.9086,3,train,,,
RET125OS,RET125,OS,0,0.3577,0.549,51,28,0.9096,0.5861,3,train,,,
RET126OD,RET126,OD,0,0.2562,0.4091,44,18,0.9281,0.5422,3,train,,,
RET126OS,RET126,OS,0,0.3104,0.4043,47,19,0.9439,0.7608,3,train,,,
RET127OD,RET127,OD,0,0.1899,0.3137,51,16,,,-1,val,0.3137,0.9384,0.713
RET127OS,RET127,OS,0,0.3192,0.26,50,13,,,-1,val,0.26,0.9484,0.7284
RET128OD,RET128,OD,0,0.1903,0.3721,43,16,0.9009,0.529,0,train,,,
RET128OS,RET128,OS,0,0.1439,0.4186,43,18,0.9454,0.3549,0,train,,,
RET129OD,RET129,OD,0,0.4265,0.4318,44,19,0.9177,0.7504,2,train,,,
RET129OS,RET129,OS,0,0.4338,0.5217,46,24,0.8713,0.8713,2,train,,,
RET130OD,RET130,OD,0,0.3643,0.3171,41,13,0.9496,0.5668,2,train,,,
RET130OS,RET130,OS,0,0.3558,0.3261,46,15,0.912,0.7664,2,train,,,
RET131OD,RET131,OD,0,0.3194,0.3061,49,15,0.9619,0.8366,0,train,,,
RET131OS,RET131,OS,0,0.3245,0.34,50,17,0.9051,0.8337,0,train,,,
RET132OD,RET132,OD,0,0.4695,0.5098,51,26,0.919,0.8789,1,train,,,
RET132OS,RET132,OS,0,0.4809,0.44,50,22,0.9675,0.8538,1,train,,,
RET133OD,RET133,OD,0,0.2756,0.3469,49,17,0.9585,0.7295,2,train,,,
RET133OS,RET133,OS,0,0.4032,0.3617,47,17,0.9496,0.849,2,train,,,
RET134OD,RET134,OD,0,0.322,0.2619,42,11,,,-1,test,0.2619,0.9438,0.8028
RET134OS,RET134,OS,0,0.1369,0.1364,44,6,,,-1,test,0.1364,0.9368,0.0784
RET135OD,RET135,OD,0,0.1564,0.1395,43,6,,,-1,test,0.1395,0.8595,0.0845
RET135OS,RET135,OS,0,0.1813,0.0909,44,4,,,-1,test,0.0909,0.926,0.0571
RET136OD,RET136,OD,0,0.4314,0.4792,48,23,0.9501,0.8712,2,train,,,
RET136OS,RET136,OS,0,0.2293,0.3261,46,15,0.967,0.7027,2,train,,,
RET137OD,RET137,OD,0,0.4307,0.451,51,23,0.8966,0.8285,3,train,,,
RET137OS,RET137,OS,0,0.4949,0.451,51,23,0.9409,0.7852,3,train,,,
RET138OD,RET138,OD,0,0.3338,0.3137,51,16,,,-1,test,0.3137,0.9426,0.8196
RET138OS,RET138,OS,0,0.1999,0.1875,48,9,,,-1,test,0.1875,0.9608,0.7007
RET139OD,RET139,OD,0,0.3425,0.3617,47,17,0.965,0.897,3,train,,,
RET139OS,RET139,OS,0,0.3548,0.375,48,18,0.96,0.907,3,train,,,
RET140OD,RET140,OD,0,0.2701,0.3673,49,18,,,-1,test,0.3673,0.9402,0.7969
RET140OS,RET140,OS,0,0.2929,0.3529,51,18,,,-1,test,0.3529,0.9527,0.8392
RET141OD,RET141,OD,0,0.4442,0.5417,48,26,0.9095,0.8553,0,train,,,
RET141OS,RET141,OS,0,0.4504,0.4565,46,21,0.9577,0.9346,0,train,,,
RET142OD,RET142,OD,0,0.2996,0.36,50,18,0.902,0.8419,0,train,,,
RET142OS,RET142,OS,0,0.3284,0.4375,48,21,0.9379,0.8248,0,train,,,
RET143OD,RET143,OD,0,0.1467,0.3696,46,17,0.9385,0.2366,2,train,,,
RET143OS,RET143,OS,0,0.1552,0.3111,45,14,0.9304,0.3393,2,train,,,
RET144OD,RET144,OD,0,0.4207,0.4615,52,24,0.945,0.8575,4,train,,,
RET144OS,RET144,OS,0,0.3148,0.4082,49,20,0.9451,0.6114,4,train,,,
RET146OD,RET146,OD,0,0.3389,0.3333,54,18,,,-1,val,0.3333,0.8801,0.7455
RET146OS,RET146,OS,0,0.2764,0.3585,53,19,,,-1,val,0.3585,0.9345,0.8208
RET147OD,RET147,OD,0,0.3135,0.3958,48,19,0.9416,0.7603,2,train,,,
RET147OS,RET147,OS,0,0.4317,0.4255,47,20,0.9247,0.8903,2,train,,,
RET149OD,RET149,OD,0,0.3679,0.3333,48,16,,,-1,test,0.3333,0.9417,0.7856
RET149OS,RET149,OS,0,0.3541,0.2326,43,10,,,-1,test,0.2326,0.9378,0.5013
RET150OD,RET150,OD,0,0.127,0.3061,49,15,0.877,0.3348,3,train,,,
RET150OS,RET150,OS,0,0.3419,0.4038,52,21,0.906,0.7679,3,train,,,
RET151OD,RET151,OD,0,0.427,0.4118,51,21,0.9486,0.8377,2,train,,,
RET151OS,RET151,OS,0,0.3926,0.42,50,21,0.9111,0.8184,2,train,,,
RET152OD,RET152,OD,0,0.1597,0.3333,51,17,0.8961,0.5809,1,train,,,
RET152OS,RET152,OS,0,0.3503,0.2692,52,14,0.922,0.6667,1,train,,,
RET153OD,RET153,OD,0,0.1424,0.5357,56,30,,,-1,val,0.5357,0.6981,0.1745
RET153OS,RET153,OS,0,0.1772,0.4524,42,19,,,-1,val,0.4524,0.7845,0.0
RET154OD,RET154,OD,0,0.4219,0.3333,39,13,,,-1,val,0.3333,0.9547,0.6566
RET154OS,RET154,OS,0,0.5288,0.4878,41,20,,,-1,val,0.4878,0.9166,0.8321
RET155OD,RET155,OD,0,0.2753,0.2955,44,13,0.9001,0.6463,1,train,,,
RET155OS,RET155,OS,0,0.2617,0.3404,47,16,0.9406,0.8875,1,train,,,
RET156OD,RET156,OD,0,0.5603,0.4314,51,22,0.9465,0.7042,3,train,,,
RET156OS,RET156,OS,0,0.4589,0.3673,49,18,0.9677,0.7748,3,train,,,
RET157OD,RET157,OD,0,0.4343,0.4444,45,20,0.9264,0.8511,4,train,,,
RET157OS,RET157,OS,0,0.4462,0.3409,44,15,0.9048,0.6405,4,train,,,
RET158OD,RET158,OD,0,0.2004,0.2143,42,9,,,-1,val,0.2143,0.9219,0.8769
RET158OS,RET158,OS,0,0.2989,0.3556,45,16,,,-1,val,0.3556,0.9438,0.8869
RET159OD,RET159,OD,0,0.3341,0.3913,46,18,,,-1,val,0.3913,0.9448,0.8128
RET159OS,RET159,OS,0,0.1526,0.5098,51,26,,,-1,val,0.5098,0.8835,0.2258
RET160OD,RET160,OD,0,0.401,0.449,49,22,0.9474,0.9227,0,train,,,
RET160OS,RET160,OS,0,0.4309,0.4286,49,21,0.9705,0.8889,0,train,,,
RET162OD,RET162,OD,0,0.3717,0.434,53,23,0.9434,0.838,2,train,,,
RET162OS,RET162,OS,0,0.4866,0.4528,53,24,0.9578,0.8383,2,train,,,
RET163OD,RET163,OD,0,0.559,0.4314,51,22,,,-1,val,0.4314,0.9227,0.6524
RET163OS,RET163,OS,0,0.5408,0.4615,52,24,,,-1,val,0.4615,0.9535,0.7717
RET164OD,RET164,OD,0,0.3914,0.34,50,17,0.9264,0.7006,1,train,,,
RET164OS,RET164,OS,0,0.3483,0.3191,47,15,0.9526,0.8753,1,train,,,
RET165OD,RET165,OD,0,0.4434,0.4909,55,27,,,-1,test,0.4909,0.8988,0.7786
RET165OS,RET165,OS,0,0.4067,0.4286,49,21,,,-1,test,0.4286,0.9071,0.8205
RET166OD,RET166,OD,0,0.4374,0.434,53,23,0.9361,0.8746,1,train,,,
RET166OS,RET166,OS,0,0.4563,0.451,51,23,0.9556,0.8789,1,train,,,
RET168OD,RET168,OD,0,0.1653,0.3191,47,15,0.9143,0.35,1,train,,,
RET168OS,RET168,OS,0,0.1423,0.3333,45,15,0.9552,0.2174,1,train,,,
RET169OD,RET169,OD,0,0.2627,0.2979,47,14,0.9198,0.8136,0,train,,,
RET169OS,RET169,OS,0,0.3119,0.2857,42,12,0.9541,0.7826,0,train,,,
RET170OD,RET170,OD,0,0.1863,0.4318,44,19,0.9804,0.3,2,train,,,
RET170OS,RET170,OS,0,0.1379,0.4348,46,20,0.9002,0.1587,2,train,,,
RET171OD,RET171,OD,0,0.2937,0.0,26,0,,,-1,test,0.0,0.6882,0.0
RET171OS,RET171,OS,0,0.2712,0.225,40,9,,,-1,test,0.225,0.9234,0.8791
RET172OD,RET172,OD,0,0.5232,0.4468,47,21,,,-1,test,0.4468,0.9161,0.8356
RET172OS,RET172,OS,0,0.4168,0.3913,46,18,,,-1,test,0.3913,0.9394,0.9345
RET174OD,RET174,OD,0,0.2446,0.3182,44,14,,,-1,test,0.3182,0.9466,0.6838
RET174OS,RET174,OS,0,0.2766,0.2439,41,10,,,-1,test,0.2439,0.9545,0.7845
RET175OD,RET175,OD,0,0.3278,0.3878,49,19,,,-1,val,0.3878,0.9454,0.9211
RET175OS,RET175,OS,0,0.3663,0.4231,52,22,,,-1,val,0.4231,0.9188,0.9199
RET176OD,RET176,OD,0,0.2406,0.2222,45,10,,,-1,test,0.2222,0.9099,0.8054
RET176OS,RET176,OS,0,0.29,0.225,40,9,,,-1,test,0.225,0.9662,0.5848
RET177OD,RET177,OD,0,0.2775,0.3019,53,16,0.9455,0.787,4,train,,,
RET177OS,RET177,OS,0,0.1949,0.2778,54,15,0.9347,0.3677,4,train,,,
RET178OD,RET178,OD,0,0.2049,0.1957,46,9,0.901,0.374,1,train,,,
RET178OS,RET178,OS,0,0.1282,0.3478,46,16,0.9468,0.2604,1,train,,,
RET179OD,RET179,OD,0,0.3937,0.3913,46,18,,,-1,test,0.3913,0.9384,0.9015
RET179OS,RET179,OS,0,0.4906,0.46,50,23,,,-1,test,0.46,0.9599,0.7872
RET181OD,RET181,OD,0,0.2696,0.3409,44,15,0.9378,0.7526,0,train,,,
RET181OS,RET181,OS,0,0.3584,0.3556,45,16,0.9741,0.8802,0,train,,,
RET182OD,RET182,OD,0,0.1692,0.2609,46,12,0.9343,0.5844,1,train,,,
RET182OS,RET182,OS,0,0.1857,0.2609,46,12,0.9352,0.7263,1,train,,,
RET183OD,RET183,OD,0,0.1031,0.28,50,14,0.9602,0.2365,4,train,,,
RET183OS,RET183,OS,0,0.3265,0.3922,51,20,0.9387,0.8336,4,train,,,
RET184OD,RET184,OD,0,0.4286,0.4468,47,21,0.9538,0.9563,2,train,,,
RET184OS,RET184,OS,0,0.4389,0.4681,47,22,0.9388,0.7565,2,train,,,
RET186OD,RET186,OD,0,0.4834,0.4565,46,21,0.9503,0.8315,2,train,,,
RET186OS,RET186,OS,0,0.356,0.4186,43,18,0.879,0.7862,2,train,,,
RET187OD,RET187,OD,0,0.3395,0.2391,46,11,,,-1,val,0.2391,0.9517,0.7262
RET187OS,RET187,OS,0,0.1853,0.2609,46,12,,,-1,val,0.2609,0.9578,0.6603
RET188OD,RET188,OD,0,0.3241,0.42,50,21,0.9471,0.8851,2,train,,,
RET188OS,RET188,OS,0,0.4255,0.3542,48,17,0.9745,0.8452,2,train,,,
RET189OD,RET189,OD,0,0.3352,0.4583,48,22,,,-1,test,0.4583,0.8566,0.8403
RET189OS,RET189,OS,0,0.3152,0.5,48,24,,,-1,test,0.5,0.8215,0.8666
RET190OD,RET190,OD,0,0.4008,0.4,40,16,,,-1,test,0.4,0.9221,0.7164
RET190OS,RET190,OS,0,0.4333,0.4348,46,20,,,-1,test,0.4348,0.9657,0.9043
RET191OD,RET191,OD,0,0.2411,0.3542,48,17,0.9429,0.6794,0,train,,,
RET191OS,RET191,OS,0,0.1951,0.38,50,19,0.9639,0.2742,0,train,,,
RET192OD,RET192,OD,0,0.4812,0.4681,47,22,0.9528,0.8686,0,train,,,
RET192OS,RET192,OS,0,0.398,0.4318,44,19,0.9148,0.9372,0,train,,,
RET194OD,RET194,OD,0,0.4609,0.5102,49,25,0.9331,0.8792,3,train,,,
RET194OS,RET194,OS,0,0.3106,0.5,48,24,0.9085,0.6984,3,train,,,
RET196OD,RET196,OD,0,0.3231,0.3542,48,17,0.9464,0.8364,2,train,,,
RET196OS,RET196,OS,0,0.2583,0.3725,51,19,0.9396,0.6215,2,train,,,
RET197OD,RET197,OD,0,0.3333,0.3478,46,16,0.9572,0.798,4,train,,,
RET197OS,RET197,OS,0,0.1754,0.3191,47,15,0.9627,0.4191,4,train,,,
RET198OD,RET198,OD,0,0.3585,0.2791,43,12,,,-1,val,0.2791,0.9206,0.6667
RET198OS,RET198,OS,0,0.4385,0.3478,46,16,,,-1,val,0.3478,0.9201,0.6854
RET199OD,RET199,OD,0,0.4589,0.4615,52,24,0.9351,0.7823,2,train,,,
RET199OS,RET199,OS,0,0.4452,0.4706,51,24,0.9457,0.8621,2,train,,,
RET200OD,RET200,OD,0,0.2834,0.3111,45,14,0.9523,0.8943,2,train,,,
RET200OS,RET200,OS,0,0.1571,0.2273,44,10,0.9238,0.596,2,train,,,
RET201OD,RET201,OD,0,0.2616,0.3958,48,19,0.9395,0.7762,2,train,,,
RET201OS,RET201,OS,0,0.4164,0.434,53,23,0.9357,0.8889,2,train,,,
RET202OD,RET202,OD,0,0.3361,0.3542,48,17,0.9205,0.8603,3,train,,,
RET202OS,RET202,OS,0,0.3536,0.5,50,25,0.8968,0.7629,3,train,,,
RET203OD,RET203,OD,0,0.1771,0.25,44,11,0.9118,0.274,0,train,,,
RET203OS,RET203,OS,0,0.2743,0.2791,43,12,0.8746,0.478,0,train,,,
RET204OD,RET204,OD,0,0.4702,0.3922,51,20,0.8782,0.5589,4,train,,,
RET204OS,RET204,OS,0,0.5593,0.2609,46,12,0.7692,0.3755,4,train,,,
RET205OD,RET205,OD,0,0.2098,0.3019,53,16,0.8877,0.7847,3,train,,,
RET205OS,RET205,OS,0,0.2214,0.3333,51,17,0.9387,0.8303,3,train,,,
RET206OD,RET206,OD,0,0.2108,0.3061,49,15,0.9231,0.7299,4,train,,,
RET206OS,RET206,OS,0,0.173,0.2857,49,14,0.9181,0.1268,4,train,,,
RET207OD,RET207,OD,0,0.3498,0.3469,49,17,,,-1,val,0.3469,0.9309,0.8044
RET207OS,RET207,OS,0,0.3085,0.3542,48,17,,,-1,val,0.3542,0.9533,0.897
RET208OD,RET208,OD,0,0.5187,0.5714,49,28,,,-1,val,0.5714,0.9218,0.8637
RET208OS,RET208,OS,0,0.3848,0.44,50,22,,,-1,val,0.44,0.9144,0.877
RET209OD,RET209,OD,0,0.17,0.4,45,18,0.897,0.3231,0,train,,,
RET209OS,RET209,OS,0,0.1934,0.383,47,18,0.9089,0.5272,0,train,,,
RET210OD,RET210,OD,0,0.4432,0.44,50,22,0.954,0.9292,2,train,,,
RET210OS,RET210,OS,0,0.4101,0.3878,49,19,0.9429,0.7731,2,train,,,
RET211OD,RET211,OD,0,0.1972,0.1957,46,9,0.9672,0.5062,4,train,,,
RET211OS,RET211,OS,0,0.2514,0.2917,48,14,0.9684,0.8139,4,train,,,
RET212OD,RET212,OD,0,0.3935,0.3778,45,17,0.9543,0.9345,0,train,,,
RET212OS,RET212,OS,0,0.3821,0.4783,46,22,0.9812,0.7564,0,train,,,
RET213OD,RET213,OD,0,0.4669,0.4615,39,18,0.9037,0.8896,3,train,,,
RET213OS,RET213,OS,0,0.4593,0.4651,43,20,0.9377,0.8362,3,train,,,
RET214OD,RET214,OD,0,0.3866,0.375,48,18,,,-1,val,0.375,0.9696,0.8834
RET214OS,RET214,OS,0,0.3801,0.4348,46,20,,,-1,val,0.4348,0.949,0.8342
RET215OD,RET215,OD,0,0.3582,0.2791,43,12,0.9097,0.8832,1,train,,,
RET215OS,RET215,OS,0,0.5059,0.4545,44,20,0.9566,0.925,1,train,,,
RET216OD,RET216,OD,0,0.5172,0.5102,49,25,0.9343,0.841,1,train,,,
RET216OS,RET216,OS,0,0.4835,0.5918,49,29,0.9306,0.8516,1,train,,,
RET217OD,RET217,OD,0,0.4138,0.4167,48,20,0.9515,0.9222,1,train,,,
RET217OS,RET217,OS,0,0.4075,0.383,47,18,0.9712,0.8771,1,train,,,
RET218OD,RET218,OD,0,0.2605,0.2766,47,13,,,-1,val,0.2766,0.925,0.7317
RET218OS,RET218,OS,0,0.1435,0.3696,46,17,,,-1,val,0.3696,0.9552,0.3096
RET219OD,RET219,OD,0,0.2458,0.2653,49,13,0.9475,0.6323,2,train,,,
RET219OS,RET219,OS,0,0.2237,0.3125,48,15,0.9538,0.5234,2,train,,,
RET220OD,RET220,OD,0,0.3437,0.3922,51,20,0.9753,0.8897,0,train,,,
RET220OS,RET220,OS,0,0.1318,0.3542,48,17,0.9599,0.361,0,train,,,
RET221OD,RET221,OD,0,0.2795,0.3265,49,16,0.9247,0.7362,0,train,,,
RET221OS,RET221,OS,0,0.3699,0.4565,46,21,0.928,0.9358,0,train,,,
RET222OD,RET222,OD,0,0.3657,0.4423,52,23,0.9174,0.8701,0,train,,,
RET222OS,RET222,OS,0,0.3042,0.3846,52,20,0.937,0.9114,0,train,,,
RET223OD,RET223,OD,0,0.3474,0.375,48,18,0.9646,0.9323,1,train,,,
RET223OS,RET223,OS,0,0.3785,0.38,50,19,0.9746,0.9186,1,train,,,
RET224OD,RET224,OD,0,0.3045,0.339,59,20,,,-1,val,0.339,0.9375,0.9227
RET224OS,RET224,OS,0,0.3037,0.3158,57,18,,,-1,val,0.3158,0.956,0.859
RET225OD,RET225,OD,0,0.348,0.2653,49,13,0.946,0.6759,1,train,,,
RET225OS,RET225,OS,0,0.3321,0.36,50,18,0.9477,0.8672,1,train,,,
RET227OD,RET227,OD,0,0.4094,0.3542,48,17,0.9648,0.82,4,train,,,
RET227OS,RET227,OS,0,0.3916,0.3542,48,17,0.9731,0.9206,4,train,,,
RET228OD,RET228,OD,0,0.5781,0.4167,48,20,0.851,0.7625,4,train,,,
RET228OS,RET228,OS,0,0.4667,0.3409,44,15,0.9013,0.8294,4,train,,,
RET229OD,RET229,OD,0,0.4359,0.383,47,18,,,-1,test,0.383,0.9579,0.8299
RET229OS,RET229,OS,0,0.5078,0.3778,45,17,,,-1,test,0.3778,0.9386,0.7778
RET230OD,RET230,OD,0,0.1635,0.2051,39,8,,,-1,test,0.2051,0.8955,0.3232
RET230OS,RET230,OS,0,0.264,0.25,40,10,,,-1,test,0.25,0.8749,0.6667
RET231OD,RET231,OD,0,0.1805,0.5,46,23,0.9604,0.2413,0,train,,,
RET231OS,RET231,OS,0,0.3997,0.46,50,23,0.9357,0.7764,0,train,,,
RET232OD,RET232,OD,0,0.1319,0.3462,52,18,0.9003,0.191,3,train,,,
RET232OS,RET232,OS,0,0.4315,0.4423,52,23,0.9523,0.9277,3,train,,,
RET233OD,RET233,OD,1,0.5071,0.451,51,23,,,-1,test,0.451,0.9608,0.887
RET233OS,RET233,OS,1,0.3909,0.4255,47,20,,,-1,test,0.4255,0.9139,0.9173
RET234OD,RET234,OD,0,0.4886,0.5192,52,27,0.9576,0.8928,3,train,,,
RET234OS,RET234,OS,0,0.3961,0.5472,53,29,0.9658,0.818,3,train,,,
RET235OD,RET235,OD,0,0.1998,0.2857,49,14,0.9563,0.6298,0,train,,,
RET235OS,RET235,OS,0,0.2196,0.25,52,13,0.9759,0.8205,0,train,,,
RET236OD,RET236,OD,0,0.1328,0.3171,41,13,0.9515,0.3234,3,train,,,
RET236OS,RET236,OS,0,0.2194,0.2857,42,12,0.9445,0.5443,3,train,,,
RET237OD,RET237,OD,0,0.4292,0.4423,52,23,,,-1,test,0.4423,0.9328,0.9179
RET237OS,RET237,OS,0,0.4185,0.4583,48,22,,,-1,test,0.4583,0.9391,0.9239
RET238OD,RET238,OD,0,0.2647,0.3725,51,19,0.9236,0.729,3,train,,,
RET238OS,RET238,OS,0,0.3449,0.4151,53,22,0.9062,0.7869,3,train,,,
RET239OD,RET239,OD,0,0.4157,0.4,50,20,0.9396,0.9134,1,train,,,
RET239OS,RET239,OS,0,0.3669,0.3469,49,17,0.9509,0.8011,1,train,,,
RET240OD,RET240,OD,0,0.287,0.2653,49,13,0.9003,0.7667,1,train,,,
RET240OS,RET240,OS,0,0.2734,0.2826,46,13,0.9095,0.864,1,train,,,
RET241OD,RET241,OD,0,0.3408,0.4468,47,21,0.9671,0.8333,3,train,,,
RET241OS,RET241,OS,0,0.43,0.4583,48,22,0.9242,0.8629,3,train,,,
RET242OD,RET242,OD,0,0.1928,0.2927,41,12,0.9515,0.5341,0,train,,,
RET242OS,RET242,OS,0,0.1018,0.3571,42,15,0.9748,0.1967,0,train,,,
RET243OD,RET243,OD,0,0.1604,0.2692,52,14,0.9568,0.69,4,train,,,
RET243OS,RET243,OS,0,0.1757,0.3704,54,20,0.952,0.4304,4,train,,,
RET244OD,RET244,OD,0,0.4532,0.4792,48,23,0.9236,0.9056,1,train,,,
RET244OS,RET244,OS,0,0.432,0.3488,43,15,0.8984,0.8179,1,train,,,
RET245OD,RET245,OD,0,0.2224,0.28,50,14,0.9693,0.6706,1,train,,,
RET245OS,RET245,OS,0,0.1418,0.2553,47,12,0.9563,0.5238,1,train,,,
RET246OD,RET246,OD,0,0.2632,0.3415,41,14,0.8978,0.6691,2,train,,,
RET246OS,RET246,OS,0,0.287,0.35,40,14,0.9584,0.6143,2,train,,,
RET248OD,RET248,OD,1,0.7659,0.7073,41,29,0.9581,0.9259,2,train,,,
RET248OS,RET248,OS,1,0.7569,0.8049,41,33,0.9221,0.9138,2,train,,,
RET249OD,RET249,OD,0,0.3009,0.38,50,19,0.9681,0.7919,0,train,,,
RET249OS,RET249,OS,0,0.4077,0.3922,51,20,0.9802,0.8069,0,train,,,
RET250OD,RET250,OD,0,0.4302,0.3774,53,20,0.9495,0.8118,4,train,,,
RET250OS,RET250,OS,0,0.4582,0.4545,55,25,0.9486,0.9148,4,train,,,
RET251OD,RET251,OD,0,0.4177,0.451,51,23,0.9461,0.9147,3,train,,,
RET251OS,RET251,OS,0,0.4843,0.5306,49,26,0.9629,0.8823,3,train,,,
RET252OD,RET252,OD,0,0.2586,0.2708,48,13,0.9355,0.907,4,train,,,
RET252OS,RET252,OS,0,0.1951,0.2826,46,13,0.9264,0.5534,4,train,,,
RET253OD,RET253,OD,0,0.419,0.4468,47,21,0.9099,0.8776,3,train,,,
RET253OS,RET253,OS,0,0.3449,0.383,47,18,0.9476,0.7845,3,train,,,
RET254OD,RET254,OD,0,0.1651,0.28,50,14,,,-1,test,0.28,0.9551,0.5427
RET254OS,RET254,OS,0,0.2884,0.3265,49,16,,,-1,test,0.3265,0.9603,0.9019
RET255OD,RET255,OD,0,0.3653,0.4902,51,25,0.976,0.8229,2,train,,,
RET255OS,RET255,OS,0,0.2331,0.36,50,18,0.9586,0.5255,2,train,,,
RET256OD,RET256,OD,0,0.3967,0.46,50,23,0.9521,0.8681,1,train,,,
RET256OS,RET256,OS,0,0.4038,0.4681,47,22,0.9107,0.9104,1,train,,,
RET257OD,RET257,OD,0,0.2907,0.3111,45,14,0.9647,0.9086,4,train,,,
RET257OS,RET257,OS,0,0.3025,0.2553,47,12,0.9356,0.8127,4,train,,,
RET258OD,RET258,OD,0,0.3051,0.3265,49,16,0.9614,0.8565,4,train,,,
RET258OS,RET258,OS,0,0.1802,0.2979,47,14,0.9752,0.5524,4,train,,,
RET259OD,RET259,OD,0,0.4441,0.46,50,23,0.9654,0.9462,0,train,,,
RET259OS,RET259,OS,0,0.406,0.4792,48,23,0.9785,0.8563,0,train,,,
RET260OD,RET260,OD,0,0.1623,0.2609,46,12,,,-1,val,0.2609,0.936,0.4118
RET260OS,RET260,OS,0,0.3048,0.2273,44,10,,,-1,val,0.2273,0.9628,0.7375
RET261OD,RET261,OD,0,0.211,0.3864,44,17,0.9528,0.4788,3,train,,,
RET261OS,RET261,OS,0,0.2406,0.4222,45,19,0.9503,0.569,3,train,,,
RET262OD,RET262,OD,0,0.2164,0.2609,46,12,0.9608,0.5165,3,train,,,
RET262OS,RET262,OS,0,0.2092,0.3261,46,15,0.9608,0.506,3,train,,,
RET265OD,RET265,OD,1,0.7687,0.76,50,38,,,-1,test,0.76,0.9107,0.8607
RET265OS,RET265,OS,1,0.3727,0.4894,47,23,,,-1,test,0.4894,0.9416,0.8989
RET266OD,RET266,OD,0,0.269,0.325,40,13,,,-1,val,0.325,0.8454,0.6906
RET266OS,RET266,OS,0,0.3371,0.2564,39,10,,,-1,val,0.2564,0.8965,0.8033
RET267OD,RET267,OD,0,0.2972,0.2444,45,11,,,-1,test,0.2444,0.9248,0.7059
RET267OS,RET267,OS,0,0.2813,0.2727,44,12,,,-1,test,0.2727,0.9207,0.7869
RET268OD,RET268,OD,0,0.1177,0.2273,44,10,0.9417,0.5556,4,train,,,
RET268OS,RET268,OS,0,0.144,0.25,48,12,0.936,0.5191,4,train,,,
RET269OD,RET269,OD,0,0.4838,0.3889,54,21,0.9712,0.7636,4,train,,,
RET269OS,RET269,OS,0,0.2778,0.3125,48,15,0.957,0.8794,4,train,,,
RET270OD,RET270,OD,0,0.2183,0.4182,55,23,0.8957,0.5435,4,train,,,
RET270OS,RET270,OS,0,0.2577,0.3704,54,20,0.9195,0.7037,4,train,,,
RET271OD,RET271,OD,0,0.1672,0.3148,54,17,,,-1,test,0.3148,0.914,0.4509
RET271OS,RET271,OS,0,0.1349,0.2308,52,12,,,-1,test,0.2308,0.9363,0.289
RET272OD,RET272,OD,0,0.2732,0.3529,51,18,0.9144,0.7551,0,train,,,
RET272OS,RET272,OS,0,0.1723,0.36,50,18,0.9255,0.3178,0,train,,,
RET273OD,RET273,OD,0,0.142,0.2,50,10,0.936,0.5593,2,train,,,
RET273OS,RET273,OS,0,0.129,0.3077,52,16,0.9391,0.3128,2,train,,,
RET274OD,RET274,OD,0,0.692,0.5357,56,30,0.9591,0.7531,0,train,,,
RET274OS,RET274,OS,0,0.5815,0.5091,55,28,0.9609,0.8272,0,train,,,
RET275OD,RET275,OD,0,0.3332,0.36,50,18,0.9179,0.8472,1,train,,,
RET275OS,RET275,OS,0,0.3001,0.38,50,19,0.9481,0.83,1,train,,,
RET277OD,RET277,OD,0,0.2367,0.1892,37,7,,,-1,val,0.1892,0.8539,0.3279
RET277OS,RET277,OS,0,0.2432,0.4583,48,22,,,-1,val,0.4583,0.8648,0.2363
RET280OD,RET280,OD,0,0.1279,0.2609,46,12,,,-1,val,0.2609,0.9515,0.4106
RET280OS,RET280,OS,0,0.2471,0.3265,49,16,,,-1,val,0.3265,0.967,0.8131
RET281OD,RET281,OD,0,0.2589,0.3125,48,15,0.9418,0.8143,1,train,,,
RET281OS,RET281,OS,0,0.256,0.2391,46,11,0.9365,0.5338,1,train,,,
RET282OD,RET282,OD,0,0.1118,0.2041,49,10,,,-1,test,0.2041,0.9164,0.5437
RET282OS,RET282,OS,0,0.1256,0.1875,48,9,,,-1,test,0.1875,0.8936,0.3619
RET283OD,RET283,OD,0,0.2465,0.1818,44,8,,,-1,val,0.1818,0.9426,0.6026
RET283OS,RET283,OS,0,0.2116,0.2174,46,10,,,-1,val,0.2174,0.9621,0.6667
RET284OD,RET284,OD,0,0.3838,0.3913,46,18,0.9551,0.8535,4,train,,,
RET284OS,RET284,OS,0,0.432,0.4565,46,21,0.9593,0.878,4,train,,,
RET285OD,RET285,OD,0,0.2052,0.3043,46,14,0.9447,0.6141,4,train,,,
RET285OS,RET285,OS,0,0.2455,0.3261,46,15,0.9564,0.673,4,train,,,
RET286OD,RET286,OD,0,0.2978,0.3404,47,16,,,-1,test,0.3404,0.927,0.8086
RET286OS,RET286,OS,0,0.1478,0.2381,42,10,,,-1,test,0.2381,0.9186,0.1277
RET287OD,RET287,OD,0,0.3067,0.2222,45,10,,,-1,val,0.2222,0.8716,0.7034
RET287OS,RET287,OS,0,0.2525,0.3191,47,15,,,-1,val,0.3191,0.9269,0.7224
RET288OD,RET288,OD,0,0.3496,0.2558,43,11,0.9454,0.7299,4,train,,,
RET288OS,RET288,OS,0,0.3696,0.3721,43,16,0.9643,0.8589,4,train,,,
RET289OD,RET289,OD,0,0.2745,0.3061,49,15,0.9448,0.5804,3,train,,,
RET289OS,RET289,OS,0,0.3211,0.3265,49,16,0.8977,0.8613,3,train,,,
RET290OD,RET290,OD,0,0.3621,0.44,50,22,0.9161,0.8453,1,train,,,
RET290OS,RET290,OS,0,0.3904,0.4423,52,23,0.9405,0.7974,1,train,,,
RET291OD,RET291,OD,0,0.1275,0.0,47,0,0.9468,0.0,1,train,,,
RET291OS,RET291,OS,0,0.2836,0.2391,46,11,0.9193,0.7064,1,train,,,
RET292OD,RET292,OD,0,0.4182,0.3636,44,16,,,-1,test,0.3636,0.9573,0.8284
RET292OS,RET292,OS,0,0.4609,0.3404,47,16,,,-1,test,0.3404,0.9316,0.7523
RET293OD,RET293,OD,0,0.5983,0.5417,48,26,0.9529,0.8213,0,train,,,
RET293OS,RET293,OS,0,0.6112,0.5435,46,25,0.9367,0.7759,0,train,,,
